field	standardized_value	primary_semantic_class	secondary_semantic_classes	semantic_components	confidence	field_compatibility	additive_destinations	remove_from_current_field	review_required	action_class	row_count	reason	expected_semantic_classes
Environment_Broad_Scale_SD	host-associated gut/oral/fecal environment	environment_broad_scale	host_context	environment_broad_scale:host-associated gut/oral/fecal environment|host_context:host-associated	high	compatible_composite	Host_Context_SD	false	true	composite_requires_split	372564	environment_broad_scale:host-associated gut/oral/fecal environment; host_context:host-associated	environment_broad_scale
Environment_Broad_Scale_SD	marine environment	environment_broad_scale		environment_broad_scale:marine environment	high	compatible		false	false	compatible_no_action	95852	environment_broad_scale:marine environment	environment_broad_scale
Environment_Broad_Scale_SD	terrestrial environment	environment_broad_scale		environment_broad_scale:broad environmental setting	high	compatible		false	false	compatible_no_action	91101	environment_broad_scale:broad environmental setting	environment_broad_scale
Environment_Broad_Scale_SD	freshwater environment	environment_broad_scale	environment_medium	environment_medium:environmental medium|environment_broad_scale:broad environmental setting	medium	compatible_composite	Environment_Medium_SD	false	true	composite_requires_split	81887	environment_medium:environmental medium; environment_broad_scale:broad environmental setting	environment_broad_scale
Environment_Broad_Scale_SD	food-associated environment	food_commodity		food_commodity:explicit food or commodity context	high	incompatible	Isolation_Source_SD|Sample_Type_SD	true	true	manual_review	58756	food_commodity:explicit food or commodity context	environment_broad_scale
Environment_Broad_Scale_SD	aquatic sediment environment	environment_medium		environment_medium:environmental medium	high	incompatible	Environment_Medium_SD	true	true	manual_review	46883	environment_medium:environmental medium	environment_broad_scale
Environment_Broad_Scale_SD	clinical/host-associated material	source_context		source_context:clinical or host-associated source context	high	incompatible	Isolation_Source_SD	true	true	manual_review	40680	source_context:clinical or host-associated source context	environment_broad_scale
Environment_Broad_Scale_SD	wastewater/sewage	environment_medium		environment_medium:wastewater/sewage	high	incompatible	Environment_Medium_SD	true	true	manual_review	37767	environment_medium:wastewater/sewage	environment_broad_scale
Environment_Broad_Scale_SD	environmental sample	sampling_context		sampling_context:environmental	high	incompatible	Sampling_Context_SD	true	true	manual_review	33064	sampling_context:environmental	environment_broad_scale
Environment_Broad_Scale_SD	healthcare-associated environment	environment_broad_scale		environment_broad_scale:broad environmental setting	high	compatible		false	false	compatible_no_action	30195	environment_broad_scale:broad environmental setting	environment_broad_scale
Environment_Broad_Scale_SD	geologic/extreme environment	unresolved		unresolved:no deterministic semantic component	low	incompatible	admin_review	false	true	classifier_uncertain	20934	unresolved:no deterministic semantic component	environment_broad_scale
Environment_Broad_Scale_SD	host-associated environment	environment_broad_scale	host_context|source_context	environment_broad_scale:broad environmental setting|host_context:host-associated context|source_context:broad source context	medium	compatible_composite	Host_Context_SD|Isolation_Source_SD	false	true	composite_requires_split	19347	environment_broad_scale:broad environmental setting; host_context:host-associated context; source_context:broad source context	environment_broad_scale
Environment_Broad_Scale_SD	host-associated gut environment	environment_broad_scale	host_context	environment_broad_scale:host-associated gut environment|host_context:host-associated	high	compatible_composite	Host_Context_SD	false	true	composite_requires_split	17028	environment_broad_scale:host-associated gut environment; host_context:host-associated	environment_broad_scale
Environment_Broad_Scale_SD	plant-associated environment	environment_broad_scale	host_context	environment_broad_scale:broad environmental setting|host_context:host-associated context	medium	compatible_composite	Host_Context_SD	false	true	composite_requires_split	15467	environment_broad_scale:broad environmental setting; host_context:host-associated context	environment_broad_scale
Environment_Broad_Scale_SD	estuarine environment	unresolved		unresolved:no deterministic semantic component	low	incompatible	admin_review	false	true	classifier_uncertain	9898	unresolved:no deterministic semantic component	environment_broad_scale
Environment_Broad_Scale_SD	agricultural environment	environment_broad_scale		environment_broad_scale:agricultural environment	high	compatible		false	false	compatible_no_action	8322	environment_broad_scale:agricultural environment	environment_broad_scale
Environment_Broad_Scale_SD	built/urban environment	unresolved		unresolved:no deterministic semantic component	low	incompatible	admin_review	false	true	classifier_uncertain	6676	unresolved:no deterministic semantic component	environment_broad_scale
Environment_Broad_Scale_SD	built environment	environment_broad_scale		environment_broad_scale:broad environmental setting	high	compatible		false	false	compatible_no_action	3564	environment_broad_scale:broad environmental setting	environment_broad_scale
Environment_Broad_Scale_SD	laboratory environment	environment_broad_scale		environment_broad_scale:laboratory environment	high	compatible		false	false	compatible_no_action	2649	environment_broad_scale:laboratory environment	environment_broad_scale
Environment_Broad_Scale_SD	geothermal environment	unresolved		unresolved:no deterministic semantic component	low	incompatible	admin_review	false	true	classifier_uncertain	963	unresolved:no deterministic semantic component	environment_broad_scale
Environment_Broad_Scale_SD	air/built environment	environment_broad_scale	environment_medium	environment_medium:environmental medium|environment_broad_scale:broad environmental setting	medium	compatible_composite	Environment_Medium_SD	false	true	composite_requires_split	792	environment_medium:environmental medium; environment_broad_scale:broad environmental setting	environment_broad_scale
Environment_Broad_Scale_SD	anthropogenic environment	unresolved		unresolved:no deterministic semantic component	low	incompatible	admin_review	false	true	classifier_uncertain	705	unresolved:no deterministic semantic component	environment_broad_scale
Environment_Broad_Scale_SD	anthropogenic terrestrial biome	unresolved		unresolved:no deterministic semantic component	low	incompatible	admin_review	false	true	classifier_uncertain	359	unresolved:no deterministic semantic component	environment_broad_scale
Environment_Local_Scale_SD	gut/fecal local context	unresolved		unresolved:no deterministic semantic component	low	incompatible	admin_review	false	true	classifier_uncertain	407314	unresolved:no deterministic semantic component	environment_local_scale
Environment_Local_Scale_SD	lake	environment_local_scale		environment_local_scale:local environmental or facility feature	high	compatible		false	false	compatible_no_action	42079	environment_local_scale:local environmental or facility feature	environment_local_scale
Environment_Local_Scale_SD	healthcare facility	environment_local_scale		environment_local_scale:healthcare facility	high	compatible		false	false	compatible_no_action	26917	environment_local_scale:healthcare facility	environment_local_scale
Environment_Local_Scale_SD	coastal area	unresolved		unresolved:no deterministic semantic component	low	incompatible	admin_review	false	true	classifier_uncertain	17767	unresolved:no deterministic semantic component	environment_local_scale
Environment_Local_Scale_SD	hot spring	environment_local_scale		environment_local_scale:local environmental or facility feature	high	compatible		false	false	compatible_no_action	16510	environment_local_scale:local environmental or facility feature	environment_local_scale
Environment_Local_Scale_SD	activated sludge	environment_medium		environment_medium:activated sludge	high	incompatible	Environment_Medium_SD	true	true	manual_review	13130	environment_medium:activated sludge	environment_local_scale
Environment_Local_Scale_SD	groundwater	environment_medium		environment_medium:groundwater	high	incompatible	Environment_Medium_SD	true	true	manual_review	12834	environment_medium:groundwater	environment_local_scale
Environment_Local_Scale_SD	river	environment_local_scale		environment_local_scale:river	high	compatible		false	false	compatible_no_action	12246	environment_local_scale:river	environment_local_scale
Environment_Local_Scale_SD	wetland	unresolved		unresolved:no deterministic semantic component	low	incompatible	admin_review	false	true	classifier_uncertain	10771	unresolved:no deterministic semantic component	environment_local_scale
Environment_Local_Scale_SD	stream	environment_local_scale		environment_local_scale:local environmental or facility feature	high	compatible		false	false	compatible_no_action	8963	environment_local_scale:local environmental or facility feature	environment_local_scale
Environment_Local_Scale_SD	farm	environment_local_scale		environment_local_scale:farm	high	compatible		false	false	compatible_no_action	7259	environment_local_scale:farm	environment_local_scale
Environment_Local_Scale_SD	urban area	unresolved		unresolved:no deterministic semantic component	low	incompatible	admin_review	false	true	classifier_uncertain	6195	unresolved:no deterministic semantic component	environment_local_scale
Environment_Local_Scale_SD	agricultural land	unresolved		unresolved:no deterministic semantic component	low	incompatible	admin_review	false	true	classifier_uncertain	5599	unresolved:no deterministic semantic component	environment_local_scale
Environment_Local_Scale_SD	estuary	environment_local_scale		environment_local_scale:estuary	high	compatible		false	false	compatible_no_action	4819	environment_local_scale:estuary	environment_local_scale
Environment_Local_Scale_SD	cold seep	environment_local_scale		environment_local_scale:cold seep	high	compatible		false	false	compatible_no_action	4658	environment_local_scale:cold seep	environment_local_scale
Environment_Local_Scale_SD	pond	environment_local_scale		environment_local_scale:pond	high	compatible		false	false	compatible_no_action	3998	environment_local_scale:pond	environment_local_scale
Environment_Local_Scale_SD	intensive care unit	care_setting		care_setting:care setting	high	incompatible	Host_Care_Setting_SD	true	true	manual_review	2869	care_setting:care setting	environment_local_scale
Environment_Local_Scale_SD	cave	environment_local_scale		environment_local_scale:local environmental or facility feature	high	compatible		false	false	compatible_no_action	2697	environment_local_scale:local environmental or facility feature	environment_local_scale
Environment_Local_Scale_SD	laboratory	sampling_context		sampling_context:laboratory context	medium	incompatible	Sampling_Context_SD	true	true	manual_review	2481	sampling_context:laboratory context	environment_local_scale
Environment_Local_Scale_SD	anaerobic digester	environment_local_scale		environment_local_scale:anaerobic digester	high	compatible		false	false	compatible_no_action	1755	environment_local_scale:anaerobic digester	environment_local_scale
Environment_Local_Scale_SD	drain	environment_local_scale		environment_local_scale:drain	high	compatible		false	false	compatible_no_action	1480	environment_local_scale:drain	environment_local_scale
Environment_Local_Scale_SD	agricultural environment	environment_broad_scale		environment_broad_scale:agricultural environment	high	incompatible	Environment_Broad_Scale_SD	true	true	manual_review	1441	environment_broad_scale:agricultural environment	environment_local_scale
Environment_Local_Scale_SD	food processing facility	environment_local_scale	food_commodity	food_commodity:explicit food or commodity context|environment_local_scale:local environmental or facility feature	medium	compatible_composite	Isolation_Source_SD|Sample_Type_SD	false	true	composite_requires_split	1415	food_commodity:explicit food or commodity context; environment_local_scale:local environmental or facility feature	environment_local_scale
Environment_Local_Scale_SD	glacier	environment_local_scale		environment_local_scale:glacier	high	compatible		false	false	compatible_no_action	1266	environment_local_scale:glacier	environment_local_scale
Environment_Local_Scale_SD	dairy farm	environment_local_scale	production_context|host_context	production_context:dairy production setting|host_context:cattle/livestock|environment_local_scale:farm	high	compatible_composite	Host_Production_Context_SD|Host_Context_SD	false	true	composite_requires_split	1225	production_context:dairy production setting; host_context:cattle/livestock; environment_local_scale:farm	environment_local_scale
Environment_Local_Scale_SD	sink	environment_local_scale		environment_local_scale:sink	high	compatible		false	false	compatible_no_action	1043	environment_local_scale:sink	environment_local_scale
Environment_Local_Scale_SD	canal	environment_local_scale		environment_local_scale:local environmental or facility feature	high	compatible		false	false	compatible_no_action	952	environment_local_scale:local environmental or facility feature	environment_local_scale
Environment_Local_Scale_SD	subsurface shale	unresolved		unresolved:no deterministic semantic component	low	incompatible	admin_review	false	true	classifier_uncertain	881	unresolved:no deterministic semantic component	environment_local_scale
Environment_Local_Scale_SD	long-term care facility	environment_local_scale	care_setting	care_setting:care setting|environment_local_scale:local environmental or facility feature	medium	compatible_composite	Host_Care_Setting_SD	false	true	composite_requires_split	843	care_setting:care setting; environment_local_scale:local environmental or facility feature	environment_local_scale
Environment_Local_Scale_SD	irrigation canal	environment_local_scale		environment_local_scale:local environmental or facility feature	high	compatible		false	false	compatible_no_action	840	environment_local_scale:local environmental or facility feature	environment_local_scale
Environment_Local_Scale_SD	non-food-contact surface	environment_local_scale		environment_local_scale:non-food-contact surface	high	compatible		false	false	compatible_no_action	809	environment_local_scale:non-food-contact surface	environment_local_scale
Environment_Local_Scale_SD	surface water layer	environment_local_scale	environment_medium	environment_medium:environmental medium|environment_local_scale:local environmental or facility feature	medium	compatible_composite	Environment_Medium_SD	false	true	composite_requires_split	795	environment_medium:environmental medium; environment_local_scale:local environmental or facility feature	environment_local_scale
Environment_Local_Scale_SD	rhizosphere	environment_local_scale	host_context	environment_local_scale:rhizosphere|host_context:plant-associated	medium	compatible_composite	Host_Context_SD	false	true	composite_requires_split	665	environment_local_scale:rhizosphere; host_context:plant-associated	environment_local_scale
Environment_Local_Scale_SD	agricultural field	unresolved		unresolved:no deterministic semantic component	low	incompatible	admin_review	false	true	classifier_uncertain	579	unresolved:no deterministic semantic component	environment_local_scale
Environment_Local_Scale_SD	rumen/gut content	sample_material	anatomical_material	sample_material:gut/rumen content|anatomical_material:host anatomical material	high	incompatible	Sample_Material_SD|Sample_Type_SD|Host_Anatomical_Material_SD	true	true	manual_review	474	sample_material:gut/rumen content; anatomical_material:host anatomical material	environment_local_scale
Environment_Local_Scale_SD	cleanroom floor	environment_local_scale		environment_local_scale:local environmental or facility feature	high	compatible		false	false	compatible_no_action	380	environment_local_scale:local environmental or facility feature	environment_local_scale
Environment_Local_Scale_SD	food-contact surface	environment_local_scale	food_commodity	food_commodity:explicit food or commodity context|environment_local_scale:local environmental or facility feature	medium	compatible_composite	Isolation_Source_SD|Sample_Type_SD	false	true	composite_requires_split	373	food_commodity:explicit food or commodity context; environment_local_scale:local environmental or facility feature	environment_local_scale
Environment_Local_Scale_SD	cleanroom	environment_local_scale		environment_local_scale:local environmental or facility feature	high	compatible		false	false	compatible_no_action	181	environment_local_scale:local environmental or facility feature	environment_local_scale
Environment_Local_Scale_SD	environmental surface	environment_local_scale		environment_local_scale:local environmental or facility feature	high	compatible		false	false	compatible_no_action	174	environment_local_scale:local environmental or facility feature	environment_local_scale
Environment_Local_Scale_SD	agricultural ecosystem	environment_broad_scale		environment_broad_scale:agricultural environment/ecosystem	high	incompatible	Environment_Broad_Scale_SD	true	true	manual_review	127	environment_broad_scale:agricultural environment/ecosystem	environment_local_scale
Environment_Local_Scale_SD	mariculture biome	environment_broad_scale		environment_broad_scale:mariculture biome	high	incompatible	Environment_Broad_Scale_SD	true	true	manual_review	43	environment_broad_scale:mariculture biome	environment_local_scale
Environment_Local_Scale_SD	agricultural feature	unresolved		unresolved:no deterministic semantic component	low	incompatible	admin_review	false	true	classifier_uncertain	25	unresolved:no deterministic semantic component	environment_local_scale
Environment_Local_Scale_SD	healthcare facility surface	environment_local_scale		environment_local_scale:local environmental or facility feature	high	compatible		false	false	compatible_no_action	5	environment_local_scale:local environmental or facility feature	environment_local_scale
Environment_Local_Scale_SD	biofilter	unresolved		unresolved:no deterministic semantic component	low	incompatible	admin_review	false	true	classifier_uncertain	3	unresolved:no deterministic semantic component	environment_local_scale
Environment_Local_Scale_SD	hypolithic environment	unresolved		unresolved:no deterministic semantic component	low	incompatible	admin_review	false	true	classifier_uncertain	3	unresolved:no deterministic semantic component	environment_local_scale
Environment_Local_Scale_SD	built environment surface	environment_local_scale	environment_broad_scale	environment_local_scale:local environmental or facility feature|environment_broad_scale:broad environmental setting	medium	compatible_composite	Environment_Broad_Scale_SD	false	true	composite_requires_split	1	environment_local_scale:local environmental or facility feature; environment_broad_scale:broad environmental setting	environment_local_scale
Environment_Medium_SD	soil	environment_medium		environment_medium:environmental medium	high	compatible		false	false	compatible_no_action	97507	environment_medium:environmental medium	environment_medium
Environment_Medium_SD	sediment	environment_medium		environment_medium:environmental medium	high	compatible		false	false	compatible_no_action	64607	environment_medium:environmental medium	environment_medium
Environment_Medium_SD	marine	environment_broad_scale		environment_broad_scale:marine environment	high	incompatible	Environment_Broad_Scale_SD	true	true	manual_review	40376	environment_broad_scale:marine environment	environment_medium
Environment_Medium_SD	wastewater	environment_medium		environment_medium:environmental medium	high	compatible		false	false	compatible_no_action	38809	environment_medium:environmental medium	environment_medium
Environment_Medium_SD	agricultural/food-production water	environment_medium	food_commodity	food_commodity:explicit food or commodity context|environment_medium:environmental medium	medium	compatible_composite	Isolation_Source_SD|Sample_Type_SD	false	true	composite_requires_split	34580	food_commodity:explicit food or commodity context; environment_medium:environmental medium	environment_medium
Environment_Medium_SD	air	environment_medium		environment_medium:environmental medium	high	compatible		false	false	compatible_no_action	33033	environment_medium:environmental medium	environment_medium
Environment_Medium_SD	seawater	environment_medium		environment_medium:seawater	high	compatible		false	false	compatible_no_action	30305	environment_medium:seawater	environment_medium
Environment_Medium_SD	freshwater	environment_medium		environment_medium:environmental medium	high	compatible		false	false	compatible_no_action	24058	environment_medium:environmental medium	environment_medium
Environment_Medium_SD	lake water	environment_medium	environment_local_scale	environment_medium:environmental medium|environment_local_scale:local environmental or facility feature	medium	compatible_composite	Environment_Local_Scale_SD	false	true	composite_requires_split	17515	environment_medium:environmental medium; environment_local_scale:local environmental or facility feature	environment_medium
Environment_Medium_SD	groundwater	environment_medium		environment_medium:groundwater	high	compatible		false	false	compatible_no_action	11342	environment_medium:groundwater	environment_medium
Environment_Medium_SD	water	environment_medium		environment_medium:environmental medium	high	compatible		false	false	compatible_no_action	9209	environment_medium:environmental medium	environment_medium
Environment_Medium_SD	activated sludge	environment_medium		environment_medium:activated sludge	high	compatible		false	false	compatible_no_action	8104	environment_medium:activated sludge	environment_medium
Environment_Medium_SD	environmental material	source_context		source_context:broad source context	high	incompatible	Isolation_Source_SD	true	true	manual_review	7929	source_context:broad source context	environment_medium
Environment_Medium_SD	biofilm	environment_medium		environment_medium:environmental medium	high	compatible		false	false	compatible_no_action	6560	environment_medium:environmental medium	environment_medium
Environment_Medium_SD	estuarine water	environment_medium		environment_medium:environmental medium	high	compatible		false	false	compatible_no_action	6379	environment_medium:environmental medium	environment_medium
Environment_Medium_SD	river water	environment_medium	environment_local_scale	environment_medium:environmental medium|environment_local_scale:local environmental or facility feature	medium	compatible_composite	Environment_Local_Scale_SD	false	true	composite_requires_split	6305	environment_medium:environmental medium; environment_local_scale:local environmental or facility feature	environment_medium
Environment_Medium_SD	marine sediment	environment_medium		environment_medium:environmental medium	high	compatible		false	false	compatible_no_action	6246	environment_medium:environmental medium	environment_medium
Environment_Medium_SD	sewage	environment_medium		environment_medium:environmental medium	high	compatible		false	false	compatible_no_action	5921	environment_medium:environmental medium	environment_medium
Environment_Medium_SD	tidal flat sediment	environment_medium		environment_medium:environmental medium	high	compatible		false	false	compatible_no_action	5263	environment_medium:environmental medium	environment_medium
Environment_Medium_SD	manure	environment_medium	sample_material	sample_material:manure/fecal material|environment_medium:agricultural organic material	high	compatible_composite	Sample_Material_SD|Sample_Type_SD	false	true	composite_requires_split	4625	sample_material:manure/fecal material; environment_medium:agricultural organic material	environment_medium
Environment_Medium_SD	leachate	unresolved		unresolved:no deterministic semantic component	low	incompatible	admin_review	false	true	classifier_uncertain	3937	unresolved:no deterministic semantic component	environment_medium
Environment_Medium_SD	sludge	environment_medium		environment_medium:environmental medium	high	compatible		false	false	compatible_no_action	3204	environment_medium:environmental medium	environment_medium
Environment_Medium_SD	environmental water	environment_medium		environment_medium:environmental medium	high	compatible		false	false	compatible_no_action	2924	environment_medium:environmental medium	environment_medium
Environment_Medium_SD	surface water	environment_medium	environment_local_scale	environment_medium:environmental medium|environment_local_scale:local environmental or facility feature	medium	compatible_composite	Environment_Local_Scale_SD	false	true	composite_requires_split	2882	environment_medium:environmental medium; environment_local_scale:local environmental or facility feature	environment_medium
Environment_Medium_SD	laboratory	sampling_context		sampling_context:laboratory context	medium	incompatible	Sampling_Context_SD	true	true	manual_review	2251	sampling_context:laboratory context	environment_medium
Environment_Medium_SD	culture medium	sample_material	sample_processing	sample_material:culture medium|sample_processing:culture medium/preparation	medium	incompatible	Sample_Material_SD|Sample_Type_SD|Sample_Processing_SD	true	true	manual_review	2229	sample_material:culture medium; sample_processing:culture medium/preparation	environment_medium
Environment_Medium_SD	pond water	environment_medium	environment_local_scale	environment_medium:environmental medium|environment_local_scale:local environmental or facility feature	medium	compatible_composite	Environment_Local_Scale_SD	false	true	composite_requires_split	2221	environment_medium:environmental medium; environment_local_scale:local environmental or facility feature	environment_medium
Environment_Medium_SD	hot spring water	environment_medium	environment_local_scale	environment_medium:environmental medium|environment_local_scale:local environmental or facility feature	medium	compatible_composite	Environment_Local_Scale_SD	false	true	composite_requires_split	1989	environment_medium:environmental medium; environment_local_scale:local environmental or facility feature	environment_medium
Environment_Medium_SD	saline/brine water	environment_medium		environment_medium:environmental medium	high	compatible		false	false	compatible_no_action	1919	environment_medium:environmental medium	environment_medium
Environment_Medium_SD	hospital wastewater	environment_medium	environment_local_scale	environment_medium:environmental medium|environment_local_scale:local environmental or facility feature	medium	compatible_composite	Environment_Local_Scale_SD	false	true	composite_requires_split	1445	environment_medium:environmental medium; environment_local_scale:local environmental or facility feature	environment_medium
Environment_Medium_SD	built-environment water	environment_medium		environment_medium:environmental medium	high	compatible		false	false	compatible_no_action	1374	environment_medium:environmental medium	environment_medium
Environment_Medium_SD	sea ice	unresolved		unresolved:no deterministic semantic component	low	incompatible	admin_review	false	true	classifier_uncertain	1317	unresolved:no deterministic semantic component	environment_medium
Environment_Medium_SD	healthcare facility	environment_local_scale		environment_local_scale:healthcare facility	high	incompatible	Environment_Local_Scale_SD	true	true	manual_review	1029	environment_local_scale:healthcare facility	environment_medium
Environment_Medium_SD	drinking/distribution water	environment_medium		environment_medium:environmental medium	high	compatible		false	false	compatible_no_action	996	environment_medium:environmental medium	environment_medium
Environment_Medium_SD	water column	environment_medium		environment_medium:environmental medium	high	compatible		false	false	compatible_no_action	972	environment_medium:environmental medium	environment_medium
Environment_Medium_SD	hospital sewage	environment_medium	environment_local_scale	environment_medium:environmental medium|environment_local_scale:local environmental or facility feature	medium	compatible_composite	Environment_Local_Scale_SD	false	true	composite_requires_split	942	environment_medium:environmental medium; environment_local_scale:local environmental or facility feature	environment_medium
Environment_Medium_SD	brackish water	environment_medium		environment_medium:environmental medium	high	compatible		false	false	compatible_no_action	852	environment_medium:environmental medium	environment_medium
Environment_Medium_SD	subsurface shale	unresolved		unresolved:no deterministic semantic component	low	incompatible	admin_review	false	true	classifier_uncertain	847	unresolved:no deterministic semantic component	environment_medium
Environment_Medium_SD	cryoconite	unresolved		unresolved:no deterministic semantic component	low	incompatible	admin_review	false	true	classifier_uncertain	835	unresolved:no deterministic semantic component	environment_medium
Environment_Medium_SD	biological product	source_context		source_context:biological product/source context	medium	incompatible	Isolation_Source_SD	true	true	manual_review	826	source_context:biological product/source context	environment_medium
Environment_Medium_SD	biological waste material	unresolved		unresolved:no deterministic semantic component	low	incompatible	admin_review	false	true	classifier_uncertain	796	unresolved:no deterministic semantic component	environment_medium
Environment_Medium_SD	canal water	environment_medium	environment_local_scale	environment_medium:environmental medium|environment_local_scale:local environmental or facility feature	medium	compatible_composite	Environment_Local_Scale_SD	false	true	composite_requires_split	741	environment_medium:environmental medium; environment_local_scale:local environmental or facility feature	environment_medium
Environment_Medium_SD	chemically distinct water	environment_medium		environment_medium:environmental medium	high	compatible		false	false	compatible_no_action	634	environment_medium:environmental medium	environment_medium
Environment_Medium_SD	spring water	environment_medium		environment_medium:environmental medium	high	compatible		false	false	compatible_no_action	625	environment_medium:environmental medium	environment_medium
Environment_Medium_SD	environmental sample	sampling_context		sampling_context:environmental	high	incompatible	Sampling_Context_SD	true	true	manual_review	463	sampling_context:environmental	environment_medium
Environment_Medium_SD	glacier	environment_local_scale		environment_local_scale:glacier	high	incompatible	Environment_Local_Scale_SD	true	true	manual_review	434	environment_local_scale:glacier	environment_medium
Environment_Medium_SD	compost	environment_medium		environment_medium:environmental medium	high	compatible		false	false	compatible_no_action	395	environment_medium:environmental medium	environment_medium
Environment_Medium_SD	built environment surface	environment_local_scale	environment_broad_scale	environment_local_scale:local environmental or facility feature|environment_broad_scale:broad environmental setting	medium	incompatible	Environment_Local_Scale_SD|Environment_Broad_Scale_SD	true	true	manual_review	384	environment_local_scale:local environmental or facility feature; environment_broad_scale:broad environmental setting	environment_medium
Environment_Medium_SD	dust	environment_medium		environment_medium:environmental medium	high	compatible		false	false	compatible_no_action	380	environment_medium:environmental medium	environment_medium
Environment_Medium_SD	surface/open water	environment_medium	environment_local_scale	environment_medium:environmental medium|environment_local_scale:local environmental or facility feature	medium	compatible_composite	Environment_Local_Scale_SD	false	true	composite_requires_split	379	environment_medium:environmental medium; environment_local_scale:local environmental or facility feature	environment_medium
Environment_Medium_SD	agricultural organic material	unresolved		unresolved:no deterministic semantic component	low	incompatible	admin_review	false	true	classifier_uncertain	298	unresolved:no deterministic semantic component	environment_medium
Environment_Medium_SD	natural/free-living	source_context		source_context:natural or free-living source context	medium	incompatible	Isolation_Source_SD	true	true	manual_review	290	source_context:natural or free-living source context	environment_medium
Environment_Medium_SD	irrigation water	environment_medium		environment_medium:environmental medium	high	compatible		false	false	compatible_no_action	261	environment_medium:environmental medium	environment_medium
Environment_Medium_SD	agricultural/aquaculture water	environment_medium		environment_medium:environmental medium	high	compatible		false	false	compatible_no_action	217	environment_medium:environmental medium	environment_medium
Environment_Medium_SD	geologic/produced water	environment_medium		environment_medium:environmental medium	high	compatible		false	false	compatible_no_action	153	environment_medium:environmental medium	environment_medium
Environment_Medium_SD	metadata descriptor/non-source	unresolved		unresolved:no deterministic semantic component	low	incompatible	admin_review	false	true	classifier_uncertain	146	unresolved:no deterministic semantic component	environment_medium
Environment_Medium_SD	produced water	environment_medium		environment_medium:environmental medium	high	compatible		false	false	compatible_no_action	121	environment_medium:environmental medium	environment_medium
Environment_Medium_SD	salt marsh sediment	environment_medium		environment_medium:environmental medium	high	compatible		false	false	compatible_no_action	116	environment_medium:environmental medium	environment_medium
Environment_Medium_SD	ice water	environment_medium		environment_medium:environmental medium	high	compatible		false	false	compatible_no_action	100	environment_medium:environmental medium	environment_medium
Environment_Medium_SD	Oyster pond	environment_local_scale		environment_local_scale:local environmental or facility feature	high	incompatible	Environment_Local_Scale_SD	true	true	manual_review	86	environment_local_scale:local environmental or facility feature	environment_medium
Environment_Medium_SD	mud/sediment	environment_medium		environment_medium:environmental medium	high	compatible		false	false	compatible_no_action	77	environment_medium:environmental medium	environment_medium
Environment_Medium_SD	drainage/runoff water	environment_medium		environment_medium:environmental medium	high	compatible		false	false	compatible_no_action	51	environment_medium:environmental medium	environment_medium
Environment_Medium_SD	domestic wastewater	environment_medium		environment_medium:environmental medium	high	compatible		false	false	compatible_no_action	29	environment_medium:environmental medium	environment_medium
Environment_Medium_SD	mine water	environment_medium		environment_medium:environmental medium	high	compatible		false	false	compatible_no_action	27	environment_medium:environmental medium	environment_medium
Environment_Medium_SD	food-processing water	environment_medium	food_commodity	food_commodity:explicit food or commodity context|environment_medium:environmental medium	medium	compatible_composite	Isolation_Source_SD|Sample_Type_SD	false	true	composite_requires_split	23	food_commodity:explicit food or commodity context; environment_medium:environmental medium	environment_medium
Environment_Medium_SD	cave/cryoconite water	environment_medium	environment_local_scale	environment_medium:environmental medium|environment_local_scale:local environmental or facility feature	medium	compatible_composite	Environment_Local_Scale_SD	false	true	composite_requires_split	22	environment_medium:environmental medium; environment_local_scale:local environmental or facility feature	environment_medium
Environment_Medium_SD	pond sediment	environment_medium	environment_local_scale	environment_medium:environmental medium|environment_local_scale:local environmental or facility feature	medium	compatible_composite	Environment_Local_Scale_SD	false	true	composite_requires_split	22	environment_medium:environmental medium; environment_local_scale:local environmental or facility feature	environment_medium
Environment_Medium_SD	drainage water	environment_medium		environment_medium:environmental medium	high	compatible		false	false	compatible_no_action	14	environment_medium:environmental medium	environment_medium
Environment_Medium_SD	wastewater/sewage treatment plant	environment_medium	environment_local_scale	environment_medium:wastewater/sewage|environment_local_scale:treatment plant	high	compatible_composite	Environment_Local_Scale_SD	false	true	composite_requires_split	11	environment_medium:wastewater/sewage; environment_local_scale:treatment plant	environment_medium
Environment_Medium_SD	water/sediment mixture	environment_medium		environment_medium:environmental medium	high	compatible		false	false	compatible_no_action	10	environment_medium:environmental medium	environment_medium
Environment_Medium_SD	running water	environment_medium		environment_medium:environmental medium	high	compatible		false	false	compatible_no_action	8	environment_medium:environmental medium	environment_medium
Environment_Medium_SD	land crag	environment_local_scale		environment_local_scale:land crag	high	incompatible	Environment_Local_Scale_SD	true	true	manual_review	6	environment_local_scale:land crag	environment_medium
Environment_Medium_SD	stormwater	unresolved		unresolved:no deterministic semantic component	low	incompatible	admin_review	false	true	classifier_uncertain	6	unresolved:no deterministic semantic component	environment_medium
Environment_Medium_SD	aquarium/aquaculture water	environment_medium		environment_medium:environmental medium	high	compatible		false	false	compatible_no_action	4	environment_medium:environmental medium	environment_medium
Environment_Medium_SD	landfill/leachate water	environment_medium		environment_medium:environmental medium	high	compatible		false	false	compatible_no_action	3	environment_medium:environmental medium	environment_medium
Environment_Medium_SD	retting water	environment_medium		environment_medium:environmental medium	high	compatible		false	false	compatible_no_action	3	environment_medium:environmental medium	environment_medium
Environment_Medium_SD	mine tailings	unresolved		unresolved:no deterministic semantic component	low	incompatible	admin_review	false	true	classifier_uncertain	2	unresolved:no deterministic semantic component	environment_medium
Environment_Medium_SD	healthcare facility surface	environment_local_scale		environment_local_scale:local environmental or facility feature	high	incompatible	Environment_Local_Scale_SD	true	true	manual_review	1	environment_local_scale:local environmental or facility feature	environment_medium
Environment_Medium_SD	microplastic/plastic	unresolved		unresolved:no deterministic semantic component	low	incompatible	admin_review	false	true	classifier_uncertain	1	unresolved:no deterministic semantic component	environment_medium
Environment_Medium_SD	river sediment	environment_medium	environment_local_scale	environment_medium:environmental medium|environment_local_scale:local environmental or facility feature	medium	compatible_composite	Environment_Local_Scale_SD	false	true	composite_requires_split	1	environment_medium:environmental medium; environment_local_scale:local environmental or facility feature	environment_medium
Environment_Medium_SD_Broad	water	environment_medium		environment_medium:environmental medium	high	compatible	Environment_Medium_SD	false	false	additive_axis_enrichment	192665	environment_medium:environmental medium	environment_medium
Environment_Medium_SD_Broad	soil	environment_medium		environment_medium:environmental medium	high	compatible	Environment_Medium_SD	false	false	additive_axis_enrichment	97507	environment_medium:environmental medium	environment_medium
Environment_Medium_SD_Broad	sediment	environment_medium		environment_medium:environmental medium	high	compatible	Environment_Medium_SD	false	false	additive_axis_enrichment	76342	environment_medium:environmental medium	environment_medium
Environment_Medium_SD_Broad	environmental material	source_context		source_context:broad source context	high	incompatible	Isolation_Source_SD	true	true	manual_review	42562	source_context:broad source context	environment_medium
Environment_Medium_SD_Broad	wastewater/sewage	environment_medium		environment_medium:wastewater/sewage	high	compatible	Environment_Medium_SD	false	false	additive_axis_enrichment	19627	environment_medium:wastewater/sewage	environment_medium
Environment_Medium_SD_Broad	biofilm	environment_medium		environment_medium:environmental medium	high	compatible	Environment_Medium_SD	false	false	additive_axis_enrichment	6560	environment_medium:environmental medium	environment_medium
Environment_Medium_SD_Broad	agricultural fecal material	unresolved		unresolved:no deterministic semantic component	low	incompatible	admin_review	false	true	classifier_uncertain	4625	unresolved:no deterministic semantic component	environment_medium
Environment_Medium_SD_Broad	laboratory environment	environment_broad_scale		environment_broad_scale:laboratory environment	high	incompatible	Environment_Broad_Scale_SD	true	true	manual_review	2251	environment_broad_scale:laboratory environment	environment_medium
Environment_Medium_SD_Broad	culture medium	sample_material	sample_processing	sample_material:culture medium|sample_processing:culture medium/preparation	medium	incompatible	Sample_Material_SD|Sample_Type_SD|Sample_Processing_SD	true	true	manual_review	2229	sample_material:culture medium; sample_processing:culture medium/preparation	environment_medium
Environment_Medium_SD_Broad	built environment	environment_broad_scale		environment_broad_scale:broad environmental setting	high	incompatible	Environment_Broad_Scale_SD	true	true	manual_review	1758	environment_broad_scale:broad environmental setting	environment_medium
Environment_Medium_SD_Broad	healthcare-associated environment	environment_broad_scale		environment_broad_scale:broad environmental setting	high	incompatible	Environment_Broad_Scale_SD	true	true	manual_review	1030	environment_broad_scale:broad environmental setting	environment_medium
Environment_Medium_SD_Broad	biological/clinical product	source_context		source_context:broad source context	high	incompatible	Isolation_Source_SD	true	true	manual_review	826	source_context:broad source context	environment_medium
Environment_Medium_SD_Broad	environmental/geologic material	source_context		source_context:environmental or geologic source context	high	incompatible	Isolation_Source_SD	true	true	manual_review	434	source_context:environmental or geologic source context	environment_medium
Environment_Medium_SD_Broad	surface sample	environment_local_scale		environment_local_scale:local environmental or facility feature	high	incompatible	Environment_Local_Scale_SD	true	true	manual_review	379	environment_local_scale:local environmental or facility feature	environment_medium
Environment_Medium_SD_Broad	metadata descriptor / non-source	unresolved		unresolved:no deterministic semantic component	low	incompatible	admin_review	false	true	classifier_uncertain	146	unresolved:no deterministic semantic component	environment_medium
Environment_Medium_SD_Broad	clinical fluid/material	sample_material		sample_material:clinical fluid or purulent material	high	incompatible	Sample_Material_SD|Sample_Type_SD	true	true	manual_review	65	sample_material:clinical fluid or purulent material	environment_medium
Host_Anatomical_Material_SD	feces/stool	anatomical_material	sample_material	sample_material:physical specimen/material|anatomical_material:host anatomical material	medium	compatible_composite	Sample_Material_SD|Sample_Type_SD	false	true	composite_requires_split	266715	sample_material:physical specimen/material; anatomical_material:host anatomical material	anatomical_material
Host_Anatomical_Material_SD	blood	anatomical_material	sample_material	sample_material:physical specimen/material|anatomical_material:host anatomical material	medium	compatible_composite	Sample_Material_SD|Sample_Type_SD	false	true	composite_requires_split	114256	sample_material:physical specimen/material; anatomical_material:host anatomical material	anatomical_material
Host_Anatomical_Material_SD	cerebrospinal fluid	anatomical_material	sample_material	sample_material:cerebrospinal fluid|anatomical_material:host anatomical material	high	compatible_composite	Sample_Material_SD|Sample_Type_SD	false	true	composite_requires_split	5264	sample_material:cerebrospinal fluid; anatomical_material:host anatomical material	anatomical_material
Host_Anatomical_Material_SD	pus/purulent material	anatomical_material	sample_material	sample_material:physical specimen/material|anatomical_material:host anatomical material	medium	compatible_composite	Sample_Material_SD|Sample_Type_SD	false	true	composite_requires_split	2645	sample_material:physical specimen/material; anatomical_material:host anatomical material	anatomical_material
Host_Anatomical_Site_SD	gastrointestinal tract	anatomical_site		anatomical_site:anatomical site or plant part	high	compatible	Isolation_Site_SD	false	false	additive_axis_enrichment	103923	anatomical_site:anatomical site or plant part	anatomical_site
Host_Anatomical_Site_SD	rectum/perianal region	anatomical_site		anatomical_site:anatomical site or plant part	high	compatible	Isolation_Site_SD	false	false	additive_axis_enrichment	36352	anatomical_site:anatomical site or plant part	anatomical_site
Host_Anatomical_Site_SD	feces/stool	anatomical_material	sample_material	sample_material:physical specimen/material|anatomical_material:host anatomical material	medium	incompatible	Host_Anatomical_Material_SD|Sample_Material_SD|Sample_Type_SD	true	true	manual_review	23405	sample_material:physical specimen/material; anatomical_material:host anatomical material	anatomical_site
Host_Anatomical_Site_SD	skin/body surface	anatomical_site	environment_local_scale	anatomical_site:anatomical site or plant part|environment_local_scale:local environmental or facility feature	medium	compatible_composite	Isolation_Site_SD|Environment_Local_Scale_SD	false	true	composite_requires_split	18793	anatomical_site:anatomical site or plant part; environment_local_scale:local environmental or facility feature	anatomical_site
Host_Anatomical_Site_SD	lower respiratory tract/bronch/pleural cavity	anatomical_site		anatomical_site:anatomical site or plant part	high	compatible	Isolation_Site_SD	false	false	additive_axis_enrichment	17996	anatomical_site:anatomical site or plant part	anatomical_site
Host_Anatomical_Site_SD	nasal cavity/sinus/upper respiratory tract	anatomical_site		anatomical_site:anatomical site or plant part	high	compatible	Isolation_Site_SD	false	false	additive_axis_enrichment	17926	anatomical_site:anatomical site or plant part	anatomical_site
Host_Anatomical_Site_SD	oral cavity	anatomical_site		anatomical_site:anatomical site or plant part	high	compatible	Isolation_Site_SD	false	false	additive_axis_enrichment	14437	anatomical_site:anatomical site or plant part	anatomical_site
Host_Anatomical_Site_SD	cecal/gut content	anatomical_material	sample_material	sample_material:physical specimen/material|anatomical_material:host anatomical material	medium	incompatible	Host_Anatomical_Material_SD|Sample_Material_SD|Sample_Type_SD	true	true	manual_review	9821	sample_material:physical specimen/material; anatomical_material:host anatomical material	anatomical_site
Host_Anatomical_Site_SD	urogenital tract	anatomical_site		anatomical_site:anatomical site or plant part	high	compatible	Isolation_Site_SD	false	false	additive_axis_enrichment	6968	anatomical_site:anatomical site or plant part	anatomical_site
Host_Anatomical_Site_SD	cervix	anatomical_site		anatomical_site:anatomical site or plant part	high	compatible	Isolation_Site_SD	false	false	additive_axis_enrichment	1165	anatomical_site:anatomical site or plant part	anatomical_site
Host_Anatomical_Site_SD	breast	anatomical_site		anatomical_site:anatomical site or plant part	high	compatible	Isolation_Site_SD	false	false	additive_axis_enrichment	972	anatomical_site:anatomical site or plant part	anatomical_site
Host_Anatomical_Site_SD	vagina	anatomical_site		anatomical_site:anatomical site or plant part	high	compatible	Isolation_Site_SD	false	false	additive_axis_enrichment	675	anatomical_site:anatomical site or plant part	anatomical_site
Host_Anatomical_Site_SD	tonsil/oropharyngeal site	anatomical_site		anatomical_site:anatomical site or plant part	high	compatible	Isolation_Site_SD	false	false	additive_axis_enrichment	638	anatomical_site:anatomical site or plant part	anatomical_site
Host_Anatomical_Site_SD	cloaca	anatomical_site		anatomical_site:anatomical site or plant part	high	compatible	Isolation_Site_SD	false	false	additive_axis_enrichment	326	anatomical_site:anatomical site or plant part	anatomical_site
Host_Anatomical_Site_SD	uterus	anatomical_site		anatomical_site:anatomical site or plant part	high	compatible	Isolation_Site_SD	false	false	additive_axis_enrichment	226	anatomical_site:anatomical site or plant part	anatomical_site
Host_Anatomical_Site_SD	organ/tissue site	anatomical_site	sample_material	sample_material:physical specimen/material|anatomical_site:anatomical site or plant part	medium	compatible_composite	Isolation_Site_SD|Sample_Material_SD|Sample_Type_SD	false	true	composite_requires_split	18	sample_material:physical specimen/material; anatomical_site:anatomical site or plant part	anatomical_site
Host_Colonization_Status_SD	carrier	colonization_status		colonization_status:carrier	high	compatible		false	false	compatible_no_action	915	colonization_status:carrier	colonization_status
Host_Colonization_Status_SD	colonized	colonization_status		colonization_status:colonized	high	compatible		false	false	compatible_no_action	16	colonization_status:colonized	colonization_status
Host_Disease_SD	infectious disease	disease		disease:disease or disease class	high	compatible		false	false	compatible_no_action	6364	disease:disease or disease class	disease
Host_Disease_SD	Clostridioides difficile infection	disease		disease:disease or disease class	high	compatible		false	false	compatible_no_action	5801	disease:disease or disease class	disease
Host_Disease_SD	tuberculosis	disease		disease:disease or disease class	high	compatible		false	false	compatible_no_action	3724	disease:disease or disease class	disease
Host_Disease_SD	cystic fibrosis	disease		disease:disease or disease class	high	compatible		false	false	compatible_no_action	3092	disease:disease or disease class	disease
Host_Disease_SD	diarrheal disease	disease		disease:disease or disease class	high	compatible		false	false	compatible_no_action	3025	disease:disease or disease class	disease
Host_Disease_SD	sepsis/bacteremia	disease		disease:disease or disease class	high	compatible		false	false	compatible_no_action	2568	disease:disease or disease class	disease
Host_Disease_SD	listeriosis	disease		disease:disease or disease class	high	compatible		false	false	compatible_no_action	2527	disease:disease or disease class	disease
Host_Disease_SD	urinary tract infection	disease		disease:disease or disease class	high	compatible		false	false	compatible_no_action	2360	disease:disease or disease class	disease
Host_Disease_SD	pertussis	disease		disease:disease or disease class	high	compatible		false	false	compatible_no_action	1674	disease:disease or disease class	disease
Host_Disease_SD	pneumonia	disease		disease:disease or disease class	high	compatible		false	false	compatible_no_action	1551	disease:disease or disease class	disease
Host_Disease_SD	skin and soft tissue infection	disease	sample_material|anatomical_site	disease:disease or disease class|sample_material:physical specimen/material|anatomical_site:anatomical site or plant part	medium	compatible_composite	Sample_Material_SD|Sample_Type_SD|Host_Anatomical_Site_SD|Isolation_Site_SD	false	true	composite_requires_split	1393	disease:disease or disease class; sample_material:physical specimen/material; anatomical_site:anatomical site or plant part	disease
Host_Disease_SD	gastritis	disease		disease:disease or disease class	high	compatible		false	false	compatible_no_action	1374	disease:disease or disease class	disease
Host_Disease_SD	neoplasm/cancer	disease		disease:disease or disease class	high	compatible		false	false	compatible_no_action	1235	disease:disease or disease class	disease
Host_Disease_SD	otitis media	disease		disease:disease or disease class	high	compatible		false	false	compatible_no_action	1090	disease:disease or disease class	disease
Host_Disease_SD	prostatic neoplasm	disease		disease:disease or disease class	high	compatible		false	false	compatible_no_action	965	disease:disease or disease class	disease
Host_Disease_SD	obesity	disease		disease:disease or disease class	high	compatible		false	false	compatible_no_action	893	disease:disease or disease class	disease
Host_Disease_SD	respiratory disease	disease		disease:disease or disease class	high	compatible		false	false	compatible_no_action	843	disease:disease or disease class	disease
Host_Disease_SD	legionellosis	disease		disease:disease or disease class	high	compatible		false	false	compatible_no_action	761	disease:disease or disease class	disease
Host_Disease_SD	mastitis	disease		disease:disease or disease class	high	compatible		false	false	compatible_no_action	742	disease:disease or disease class	disease
Host_Disease_SD	breast neoplasm	disease	anatomical_site	disease:disease or disease class|anatomical_site:anatomical site or plant part	medium	compatible_composite	Host_Anatomical_Site_SD|Isolation_Site_SD	false	true	composite_requires_split	706	disease:disease or disease class; anatomical_site:anatomical site or plant part	disease
Host_Disease_SD	Buruli ulcer	disease		disease:disease or disease class	high	compatible		false	false	compatible_no_action	624	disease:disease or disease class	disease
Host_Disease_SD	healthcare-associated infection	disease		disease:disease or disease class	high	compatible		false	false	compatible_no_action	603	disease:disease or disease class	disease
Host_Disease_SD	tularemia	disease		disease:disease or disease class	high	compatible		false	false	compatible_no_action	591	disease:disease or disease class	disease
Host_Disease_SD	yersiniosis	disease		disease:disease or disease class	high	compatible		false	false	compatible_no_action	513	disease:disease or disease class	disease
Host_Disease_SD	syphilis	disease		disease:disease or disease class	high	compatible		false	false	compatible_no_action	495	disease:disease or disease class	disease
Host_Disease_SD	brucellosis	disease		disease:disease or disease class	high	compatible		false	false	compatible_no_action	477	disease:disease or disease class	disease
Host_Disease_SD	melioidosis	disease		disease:disease or disease class	high	compatible		false	false	compatible_no_action	468	disease:disease or disease class	disease
Host_Disease_SD	gastroenteritis	disease		disease:disease or disease class	high	compatible		false	false	compatible_no_action	450	disease:disease or disease class	disease
Host_Disease_SD	diphtheria	disease		disease:disease or disease class	high	compatible		false	false	compatible_no_action	426	disease:disease or disease class	disease
Host_Disease_SD	respiratory infection	disease		disease:disease or disease class	high	compatible		false	false	compatible_no_action	424	disease:disease or disease class	disease
Host_Disease_SD	leptospirosis	disease		disease:disease or disease class	high	compatible		false	false	compatible_no_action	398	disease:disease or disease class	disease
Host_Disease_SD	Lyme disease	disease		disease:disease or disease class	high	compatible		false	false	compatible_no_action	350	disease:disease or disease class	disease
Host_Disease_SD	colitis	disease		disease:disease or disease class	high	compatible		false	false	compatible_no_action	346	disease:disease or disease class	disease
Host_Disease_SD	diabetes mellitus	disease		disease:disease or disease class	high	compatible		false	false	compatible_no_action	342	disease:disease or disease class	disease
Host_Disease_SD	lung neoplasm	disease	anatomical_site	disease:disease or disease class|anatomical_site:anatomical site or plant part	medium	compatible_composite	Host_Anatomical_Site_SD|Isolation_Site_SD	false	true	composite_requires_split	342	disease:disease or disease class; anatomical_site:anatomical site or plant part	disease
Host_Disease_SD	scleroderma	disease		disease:disease or disease class	high	compatible		false	false	compatible_no_action	302	disease:disease or disease class	disease
Host_Disease_SD	intra-abdominal infection	disease		disease:disease or disease class	high	compatible		false	false	compatible_no_action	280	disease:disease or disease class	disease
Host_Disease_SD	endocarditis	disease		disease:disease or disease class	high	compatible		false	false	compatible_no_action	264	disease:disease or disease class	disease
Host_Disease_SD	glaucoma	disease		disease:disease or disease class	high	compatible		false	false	compatible_no_action	237	disease:disease or disease class	disease
Host_Disease_SD	bronchiectasis	disease		disease:disease or disease class	high	compatible		false	false	compatible_no_action	228	disease:disease or disease class	disease
Host_Disease_SD	wound infection	disease	anatomical_site	disease:disease or disease class|anatomical_site:anatomical site or plant part	medium	compatible_composite	Host_Anatomical_Site_SD|Isolation_Site_SD	false	true	composite_requires_split	211	disease:disease or disease class; anatomical_site:anatomical site or plant part	disease
Host_Disease_SD	leukemia	disease		disease:disease or disease class	high	compatible		false	false	compatible_no_action	188	disease:disease or disease class	disease
Host_Disease_SD	periodontal disease	disease		disease:disease or disease class	high	compatible		false	false	compatible_no_action	188	disease:disease or disease class	disease
Host_Disease_SD	osteomyelitis	disease		disease:disease or disease class	high	compatible		false	false	compatible_no_action	164	disease:disease or disease class	disease
Host_Disease_SD	abortion/reproductive disorder	disease		disease:disease or disease class	high	compatible		false	false	compatible_no_action	146	disease:disease or disease class	disease
Host_Disease_SD	skin infection	disease	anatomical_site	disease:disease or disease class|anatomical_site:anatomical site or plant part	medium	compatible_composite	Host_Anatomical_Site_SD|Isolation_Site_SD	false	true	composite_requires_split	132	disease:disease or disease class; anatomical_site:anatomical site or plant part	disease
Host_Disease_SD	meningitis	disease		disease:disease or disease class	high	compatible		false	false	compatible_no_action	97	disease:disease or disease class	disease
Host_Disease_SD	adenocarcinoma	disease		disease:disease or disease class	high	compatible		false	false	compatible_no_action	71	disease:disease or disease class	disease
Host_Disease_SD	inflammatory bowel disease	disease		disease:disease or disease class	high	compatible		false	false	compatible_no_action	54	disease:disease or disease class	disease
Host_Disease_SD	surgical site infection	disease		disease:disease or disease class	high	compatible		false	false	compatible_no_action	42	disease:disease or disease class	disease
Host_Disease_SD	alcohol-related disorder	disease		disease:disease or disease class	high	compatible		false	false	compatible_no_action	8	disease:disease or disease class	disease
Host_Disease_SD	traumatic brain injury	disease	anatomical_site	disease:disease or disease class|anatomical_site:anatomical site or plant part	medium	compatible_composite	Host_Anatomical_Site_SD|Isolation_Site_SD	false	true	composite_requires_split	7	disease:disease or disease class; anatomical_site:anatomical site or plant part	disease
Host_Disease_SD	dental caries	disease		disease:disease or disease class	high	compatible		false	false	compatible_no_action	5	disease:disease or disease class	disease
Host_Disease_SD	lymphoma	disease		disease:disease or disease class	high	compatible		false	false	compatible_no_action	4	disease:disease or disease class	disease
Host_Disease_SD	salmonellosis	disease		disease:disease or disease class	high	compatible		false	false	compatible_no_action	3	disease:disease or disease class	disease
Host_Disease_SD	secondary infection	disease		disease:disease or disease class	high	compatible		false	false	compatible_no_action	2	disease:disease or disease class	disease
Host_Disease_SD	plant disease, unspecified	disease	host_context	disease:disease or disease class|host_context:host-associated context	medium	compatible_composite	Host_Context_SD	false	true	composite_requires_split	1	disease:disease or disease class; host_context:host-associated context	disease
Host_Disease_Stage_SD	exacerbation	disease_stage		disease_stage:exacerbation	high	compatible		false	false	compatible_no_action	48	disease_stage:exacerbation	disease_stage
Host_Disease_Stage_SD	convalescent	disease_stage		disease_stage:convalescent	high	compatible		false	false	compatible_no_action	1	disease_stage:convalescent	disease_stage
Host_Exposure_Context_SD	exposure/contact context	exposure_context		exposure_context:exposure/contact context	high	compatible		false	false	compatible_no_action	95	exposure_context:exposure/contact context	exposure_context
Host_Health_State_SD	diseased	health_state		health_state:diseased	high	compatible		false	false	compatible_no_action	53683	health_state:diseased	health_state
Host_Health_State_SD	healthy	health_state		health_state:healthy	high	compatible		false	false	compatible_no_action	3566	health_state:healthy	health_state
Host_Health_State_SD	healthy/control	health_state	study_group	health_state:healthy|study_group:control group	high	compatible_composite	Host_Study_Group_SD	false	true	composite_requires_split	1077	health_state:healthy; study_group:control group	health_state
Host_Health_State_SD	healthy/no disease reported	health_state		health_state:healthy/no disease reported	high	compatible		false	false	compatible_no_action	675	health_state:healthy/no disease reported	health_state
Host_Health_State_SD	asymptomatic	health_state		health_state:host health state	high	compatible		false	false	compatible_no_action	465	health_state:host health state	health_state
Host_Health_State_SD	symptomatic	health_state		health_state:host health state	high	compatible		false	false	compatible_no_action	224	health_state:host health state	health_state
Host_Health_State_SD	diseased/patient	health_state	host_context	health_state:host health state|host_context:host-associated context	medium	compatible_composite	Host_Context_SD	false	true	composite_requires_split	50	health_state:host health state; host_context:host-associated context	health_state
Host_Hospitalization_Status_SD	hospitalized	hospitalization_status		hospitalization_status:hospitalized	high	compatible		false	false	compatible_no_action	1183	hospitalization_status:hospitalized	hospitalization_status
Host_Hospitalization_Status_SD	not hospitalized	hospitalization_status		hospitalization_status:not hospitalized	high	compatible		false	false	compatible_no_action	497	hospitalization_status:not hospitalized	hospitalization_status
Host_Vital_Status_SD	deceased	vital_status		vital_status:deceased	high	compatible		false	false	compatible_no_action	286	vital_status:deceased	vital_status
Host_Vital_Status_SD	alive	vital_status		vital_status:alive	high	compatible		false	false	compatible_no_action	30	vital_status:alive	vital_status
Isolation_Site_SD	gastrointestinal tract	anatomical_site		anatomical_site:anatomical site or plant part	high	compatible	Host_Anatomical_Site_SD	false	false	additive_axis_enrichment	103798	anatomical_site:anatomical site or plant part	anatomical_site
Isolation_Site_SD	sterile body site	anatomical_site		anatomical_site:anatomical site or plant part	high	compatible	Host_Anatomical_Site_SD	false	false	additive_axis_enrichment	46777	anatomical_site:anatomical site or plant part	anatomical_site
Isolation_Site_SD	rectum/perianal region	anatomical_site		anatomical_site:anatomical site or plant part	high	compatible	Host_Anatomical_Site_SD	false	false	additive_axis_enrichment	36352	anatomical_site:anatomical site or plant part	anatomical_site
Isolation_Site_SD	nasopharynx/oropharynx	anatomical_site		anatomical_site:anatomical site or plant part	high	compatible	Host_Anatomical_Site_SD	false	false	additive_axis_enrichment	29951	anatomical_site:anatomical site or plant part	anatomical_site
Isolation_Site_SD	wound	anatomical_site		anatomical_site:anatomical site or plant part	high	compatible	Host_Anatomical_Site_SD	false	false	additive_axis_enrichment	22269	anatomical_site:anatomical site or plant part	anatomical_site
Isolation_Site_SD	lower respiratory tract/bronch/pleural cavity	anatomical_site		anatomical_site:anatomical site or plant part	high	compatible	Host_Anatomical_Site_SD	false	false	additive_axis_enrichment	20282	anatomical_site:anatomical site or plant part	anatomical_site
Isolation_Site_SD	skin/body surface	anatomical_site	environment_local_scale	anatomical_site:anatomical site or plant part|environment_local_scale:local environmental or facility feature	medium	compatible_composite	Host_Anatomical_Site_SD|Environment_Local_Scale_SD	false	true	composite_requires_split	19165	anatomical_site:anatomical site or plant part; environment_local_scale:local environmental or facility feature	anatomical_site
Isolation_Site_SD	nasal cavity/sinus/upper respiratory tract	anatomical_site		anatomical_site:anatomical site or plant part	high	compatible	Host_Anatomical_Site_SD	false	false	additive_axis_enrichment	17919	anatomical_site:anatomical site or plant part	anatomical_site
Isolation_Site_SD	organ/tissue site	anatomical_site	sample_material	sample_material:physical specimen/material|anatomical_site:anatomical site or plant part	medium	compatible_composite	Host_Anatomical_Site_SD|Sample_Material_SD|Sample_Type_SD	false	true	composite_requires_split	15402	sample_material:physical specimen/material; anatomical_site:anatomical site or plant part	anatomical_site
Isolation_Site_SD	oral cavity	anatomical_site		anatomical_site:anatomical site or plant part	high	compatible	Host_Anatomical_Site_SD	false	false	additive_axis_enrichment	14445	anatomical_site:anatomical site or plant part	anatomical_site
Isolation_Site_SD	respiratory tract	anatomical_site		anatomical_site:anatomical site or plant part	high	compatible	Host_Anatomical_Site_SD	false	false	additive_axis_enrichment	11118	anatomical_site:anatomical site or plant part	anatomical_site
Isolation_Site_SD	plant root/rhizosphere	environment_local_scale	host_context	environment_local_scale:local environmental or facility feature|host_context:host-associated context|environment_local_scale:rhizosphere|host_context:plant-associated	medium	incompatible	Environment_Local_Scale_SD|Host_Context_SD	true	true	manual_review	8567	environment_local_scale:local environmental or facility feature; host_context:host-associated context; environment_local_scale:rhizosphere; host_context:plant-associated	anatomical_site
Isolation_Site_SD	urogenital tract	anatomical_site		anatomical_site:anatomical site or plant part	high	compatible	Host_Anatomical_Site_SD	false	false	additive_axis_enrichment	7165	anatomical_site:anatomical site or plant part	anatomical_site
Isolation_Site_SD	leaf tissue	anatomical_site	sample_material	sample_material:physical specimen/material|anatomical_site:anatomical site or plant part	medium	compatible_composite	Host_Anatomical_Site_SD|Sample_Material_SD|Sample_Type_SD	false	true	composite_requires_split	6701	sample_material:physical specimen/material; anatomical_site:anatomical site or plant part	anatomical_site
Isolation_Site_SD	abscess	anatomical_site	sample_material|disease	sample_material:abscess material|anatomical_site:abscess/lesion site|disease:disease manifestation	medium	compatible_composite	Host_Anatomical_Site_SD|Sample_Material_SD|Sample_Type_SD|Host_Disease_SD	false	true	composite_requires_split	4086	sample_material:abscess material; anatomical_site:abscess/lesion site; disease:disease manifestation	anatomical_site
Isolation_Site_SD	gut content	anatomical_site	sample_material|anatomical_material	sample_material:gut/intestinal content|anatomical_material:host anatomical material|anatomical_site:gastrointestinal tract	high	compatible_composite	Host_Anatomical_Site_SD|Sample_Material_SD|Sample_Type_SD|Host_Anatomical_Material_SD	false	true	composite_requires_split	3257	sample_material:gut/intestinal content; anatomical_material:host anatomical material; anatomical_site:gastrointestinal tract	anatomical_site
Isolation_Site_SD	root	anatomical_site		anatomical_site:anatomical site or plant part	high	compatible	Host_Anatomical_Site_SD	false	false	additive_axis_enrichment	2857	anatomical_site:anatomical site or plant part	anatomical_site
Isolation_Site_SD	cloaca	anatomical_site		anatomical_site:anatomical site or plant part	high	compatible	Host_Anatomical_Site_SD	false	false	additive_axis_enrichment	1900	anatomical_site:anatomical site or plant part	anatomical_site
Isolation_Site_SD	cervix	anatomical_site		anatomical_site:anatomical site or plant part	high	compatible	Host_Anatomical_Site_SD	false	false	additive_axis_enrichment	1165	anatomical_site:anatomical site or plant part	anatomical_site
Isolation_Site_SD	plant stem	anatomical_site	host_context	anatomical_site:anatomical site or plant part|host_context:host-associated context	medium	compatible_composite	Host_Anatomical_Site_SD|Host_Context_SD	false	true	composite_requires_split	979	anatomical_site:anatomical site or plant part; host_context:host-associated context	anatomical_site
Isolation_Site_SD	breast	anatomical_site		anatomical_site:anatomical site or plant part	high	compatible	Host_Anatomical_Site_SD	false	false	additive_axis_enrichment	972	anatomical_site:anatomical site or plant part	anatomical_site
Isolation_Site_SD	vagina	anatomical_site		anatomical_site:anatomical site or plant part	high	compatible	Host_Anatomical_Site_SD	false	false	additive_axis_enrichment	675	anatomical_site:anatomical site or plant part	anatomical_site
Isolation_Site_SD	tonsil/oropharyngeal site	anatomical_site		anatomical_site:anatomical site or plant part	high	compatible	Host_Anatomical_Site_SD	false	false	additive_axis_enrichment	639	anatomical_site:anatomical site or plant part	anatomical_site
Isolation_Site_SD	bronchoalveolar lavage fluid	anatomical_site	sample_material|collection_method	sample_material:lavage fluid|collection_method:bronchoalveolar lavage|anatomical_site:lower respiratory tract	high	compatible_composite	Host_Anatomical_Site_SD|Sample_Material_SD|Sample_Type_SD|Sample_Collection_Method_SD	false	true	composite_requires_split	258	sample_material:lavage fluid; collection_method:bronchoalveolar lavage; anatomical_site:lower respiratory tract	anatomical_site
Isolation_Site_SD	gastric biopsy	anatomical_site	sample_material|collection_method	sample_material:biopsy/tissue|collection_method:biopsy|anatomical_site:stomach/gastrointestinal tract	high	compatible_composite	Host_Anatomical_Site_SD|Sample_Material_SD|Sample_Type_SD|Sample_Collection_Method_SD	false	true	composite_requires_split	256	sample_material:biopsy/tissue; collection_method:biopsy; anatomical_site:stomach/gastrointestinal tract	anatomical_site
Isolation_Site_SD	phyllosphere	environment_local_scale	host_context	environment_local_scale:phyllosphere|host_context:plant-associated	medium	incompatible	Environment_Local_Scale_SD|Host_Context_SD	true	true	manual_review	242	environment_local_scale:phyllosphere; host_context:plant-associated	anatomical_site
Isolation_Site_SD	uterus	anatomical_site		anatomical_site:anatomical site or plant part	high	compatible	Host_Anatomical_Site_SD	false	false	additive_axis_enrichment	226	anatomical_site:anatomical site or plant part	anatomical_site
Isolation_Site_SD	cubital fossa	anatomical_site		anatomical_site:anatomical site or plant part	high	compatible	Host_Anatomical_Site_SD	false	false	additive_axis_enrichment	225	anatomical_site:anatomical site or plant part	anatomical_site
Isolation_Site_SD	endosphere	environment_local_scale	host_context	environment_local_scale:endosphere/plant internal compartment|host_context:plant-associated	medium	incompatible	Environment_Local_Scale_SD|Host_Context_SD	true	true	manual_review	55	environment_local_scale:endosphere/plant internal compartment; host_context:plant-associated	anatomical_site
Isolation_Site_SD	liver	anatomical_site		anatomical_site:anatomical site or plant part	high	compatible	Host_Anatomical_Site_SD	false	false	additive_axis_enrichment	6	anatomical_site:anatomical site or plant part	anatomical_site
Isolation_Site_SD	nasal site	anatomical_site		anatomical_site:anatomical site or plant part	high	compatible	Host_Anatomical_Site_SD	false	false	additive_axis_enrichment	6	anatomical_site:anatomical site or plant part	anatomical_site
Isolation_Site_SD	brain	anatomical_site		anatomical_site:anatomical site or plant part	high	compatible	Host_Anatomical_Site_SD	false	false	additive_axis_enrichment	5	anatomical_site:anatomical site or plant part	anatomical_site
Isolation_Site_SD	placenta	anatomical_site		anatomical_site:anatomical site or plant part	high	compatible	Host_Anatomical_Site_SD	false	false	additive_axis_enrichment	4	anatomical_site:anatomical site or plant part	anatomical_site
Isolation_Site_SD	catheter	source_context	collection_device	collection_device:catheter|source_context:medical device	high	incompatible	Isolation_Source_SD|Sample_Collection_Device_SD	true	true	confirmed_high_confidence_fix	2	collection_device:catheter; source_context:medical device	anatomical_site
Isolation_Site_SD	ear	anatomical_site		anatomical_site:anatomical site or plant part	high	compatible	Host_Anatomical_Site_SD	false	false	additive_axis_enrichment	2	anatomical_site:anatomical site or plant part	anatomical_site
Isolation_Site_SD	kidney	anatomical_site		anatomical_site:anatomical site or plant part	high	compatible	Host_Anatomical_Site_SD	false	false	additive_axis_enrichment	2	anatomical_site:anatomical site or plant part	anatomical_site
Isolation_Site_SD	skin	anatomical_site		anatomical_site:anatomical site or plant part	high	compatible	Host_Anatomical_Site_SD	false	false	additive_axis_enrichment	1	anatomical_site:anatomical site or plant part	anatomical_site
Sample_Material_SD	feces/stool	sample_material	anatomical_material	sample_material:physical specimen/material|anatomical_material:host anatomical material	medium	compatible_composite	Sample_Type_SD|Host_Anatomical_Material_SD	false	true	composite_requires_split	341046	sample_material:physical specimen/material; anatomical_material:host anatomical material	sample_material
Sample_Material_SD	blood	sample_material	anatomical_material	sample_material:physical specimen/material|anatomical_material:host anatomical material	medium	compatible_composite	Sample_Type_SD|Host_Anatomical_Material_SD	false	true	composite_requires_split	129026	sample_material:physical specimen/material; anatomical_material:host anatomical material	sample_material
Sample_Material_SD	urine	sample_material		sample_material:physical specimen/material	high	compatible	Sample_Type_SD	false	false	additive_axis_enrichment	71576	sample_material:physical specimen/material	sample_material
Sample_Material_SD	sputum	sample_material		sample_material:physical specimen/material	high	compatible	Sample_Type_SD	false	false	additive_axis_enrichment	35596	sample_material:physical specimen/material	sample_material
Sample_Material_SD	tissue	sample_material		sample_material:physical specimen/material	high	compatible	Sample_Type_SD	false	false	additive_axis_enrichment	14290	sample_material:physical specimen/material	sample_material
Sample_Material_SD	milk	sample_material		sample_material:physical specimen/material	high	compatible	Sample_Type_SD	false	false	additive_axis_enrichment	8167	sample_material:physical specimen/material	sample_material
Sample_Material_SD	cerebrospinal fluid	sample_material	anatomical_material	sample_material:cerebrospinal fluid|anatomical_material:host anatomical material	high	compatible_composite	Sample_Type_SD|Host_Anatomical_Material_SD	false	true	composite_requires_split	5264	sample_material:cerebrospinal fluid; anatomical_material:host anatomical material	sample_material
Sample_Material_SD	manure/fecal material	sample_material	environment_medium	sample_material:physical specimen/material|environment_medium:environmental medium	medium	compatible_composite	Sample_Type_SD|Environment_Medium_SD	false	true	composite_requires_split	4577	sample_material:physical specimen/material; environment_medium:environmental medium	sample_material
Sample_Material_SD	bronchoalveolar lavage fluid	sample_material	collection_method|anatomical_site	sample_material:lavage fluid|collection_method:bronchoalveolar lavage|anatomical_site:lower respiratory tract	high	compatible_composite	Sample_Type_SD|Sample_Collection_Method_SD|Host_Anatomical_Site_SD|Isolation_Site_SD	false	true	composite_requires_split	4500	sample_material:lavage fluid; collection_method:bronchoalveolar lavage; anatomical_site:lower respiratory tract	sample_material
Sample_Material_SD	pus/purulent material	sample_material	anatomical_material	sample_material:physical specimen/material|anatomical_material:host anatomical material	medium	compatible_composite	Sample_Type_SD|Host_Anatomical_Material_SD	false	true	composite_requires_split	2645	sample_material:physical specimen/material; anatomical_material:host anatomical material	sample_material
Sample_Material_SD	plant material	host_context		host_context:host-associated context	high	incompatible	Host_Context_SD	true	true	manual_review	234	host_context:host-associated context	sample_material
Sample_Material_SD	body fluid	sample_material		sample_material:physical specimen/material	high	compatible	Sample_Type_SD	false	false	additive_axis_enrichment	13	sample_material:physical specimen/material	sample_material
Sampling_Context_SD	laboratory	sampling_context		sampling_context:laboratory context	medium	compatible		false	false	compatible_no_action	8016	sampling_context:laboratory context	sampling_context
Sampling_Context_SD	clinical subject	source_context		source_context:broad source context	high	incompatible	Isolation_Source_SD	true	true	manual_review	6141	source_context:broad source context	sampling_context
Sampling_Context_SD	plant-associated	host_context		host_context:host-associated context	high	incompatible	Host_Context_SD	true	true	manual_review	1891	host_context:host-associated context	sampling_context
